{
    "loss": 0.4028320908546448,
    "accuracy": 0.9396551847457886
}